{
  "XGBoost": {
    "n_estimators": 147,
    "max_depth": 7,
    "learning_rate": 0.023267267611850193,
    "subsample": 0.617961149046529,
    "colsample_bytree": 0.513081178014416,
    "min_child_weight": 3,
    "gamma": 0.908407155795436,
    "reg_alpha": 1.7598190969301524,
    "reg_lambda": 0.3202969253969917
  },
  "LightGBM": {
    "n_estimators": 145,
    "max_depth": 6,
    "learning_rate": 0.023968074362673494,
    "num_leaves": 98,
    "subsample": 0.6082948481523776,
    "colsample_bytree": 0.501175140622864,
    "reg_alpha": 1.8603308313998135,
    "reg_lambda": 0.58774453191257
  },
  "Random Forest": {
    "n_estimators": 300,
    "max_depth": 15,
    "min_samples_split": 5,
    "min_samples_leaf": 2,
    "max_features": 0.5,
    "n_jobs": -1,
    "random_state": 42
  }
}